<?xml version="1.0" encoding="UTF-8"?>
<ProductInstallationReport_210_Request xmlns:lcie="http://docs.buildingsmartalliance.org/nbims03/lcie/core" xsi:schemaLocation="http://docs.buildingsmartalliance.org/nbims03/lcie/21001ProductInstallationReport 210_01_ProductInstallationReport.xsd" xmlns:cobie="http://docs.buildingsmartalliance.org/nbims03/cobie/core" xmlns="http://docs.buildingsmartalliance.org/nbims03/lcie/21001ProductInstallationReport" xmlns:xsi="http://www.w3.org/2001/XMLSchema-instance">
	<InformationExchangeID>210.01_ProductInstallationReport</InformationExchangeID>
	<lcie:SessionToken>abcdefghijklmnop</lcie:SessionToken>
	<lcie:UserID>345</lcie:UserID>
	<ProductInstallationDeleteRequest>
		<lcie:RevisionID>4</lcie:RevisionID>
		<lcie:DeleteHandlerID>808</lcie:DeleteHandlerID>
		<DeleteAssetDocumentRequest>
			<lcie:DocumentKey>
				<cobie:DocumentName>Field Test Report-Air Handling Units-Equipment Tests AH1-3</cobie:DocumentName>
			</lcie:DocumentKey>
			<ProductInstallationKey>
				<cobie:AssetName>AC Unit Type 1 AC-1</cobie:AssetName>
				<cobie:AssetTypeAssignment>
					<cobie:AssetTypeName>AC Unit Type 1</cobie:AssetTypeName>
				</cobie:AssetTypeAssignment>
				<cobie:AssetSpaceAssignments>
					<cobie:SpaceAssignment>
						<cobie:FloorName>First Floor</cobie:FloorName>
						<cobie:SpaceName>1B21</cobie:SpaceName>
					</cobie:SpaceAssignment>
				</cobie:AssetSpaceAssignments>
			</ProductInstallationKey>
		</DeleteAssetDocumentRequest>
	</ProductInstallationDeleteRequest>
</ProductInstallationReport_210_Request>
