<?xml version="1.0" encoding="UTF-8"?>
<ProductInstallationReport_210_Request  xmlns:lcie="http://docs.buildingsmartalliance.org/nbims03/lcie/core" xsi:schemaLocation="http://docs.buildingsmartalliance.org/nbims03/lcie/21001ProductInstallationReport 210_01_ProductInstallationReport.xsd" xmlns:cobie="http://docs.buildingsmartalliance.org/nbims03/cobie/core" xmlns="http://docs.buildingsmartalliance.org/nbims03/lcie/21001ProductInstallationReport " xmlns:xsi="http://www.w3.org/2001/XMLSchema-instance">
	<InformationExchangeID >210.01_ProductInstallationReport</InformationExchangeID>
	<lcie:SessionToken>abcdefghijklmnop</lcie:SessionToken>
	<lcie:UserID>345</lcie:UserID>
	<ProductInstallationCreateRequest>
		<lcie:ProjectID>202</lcie:ProjectID>
		<lcie:CreateHandlerID>600</lcie:CreateHandlerID>
		<CreateAssetDocumentRequest>
			<lcie:Document cobie:externalEntityName="n/a" cobie:externalID="n/a" cobie:externalSystemName="n/a">
				<cobie:DocumentName>Field Test Report-Air Handling Units-Equipment Tests AH1-3</cobie:DocumentName>
				<cobie:DocumentCategory>Test Reports</cobie:DocumentCategory>
				<cobie:DocumentDescription>n/a</cobie:DocumentDescription>
				<cobie:DocumentURI>doc/V2-SD-09-AirHandlingUnits-EquipmentTests AH1-3.pdf</cobie:DocumentURI>
				<cobie:DocumentReferenceURI>01 20 01.00 10</cobie:DocumentReferenceURI>
			</lcie:Document>
			<ProductInstallationKey>
				<cobie:AssetName>AC Unit Type 1 AC-1</cobie:AssetName>
				<cobie:AssetTypeAssignment>
					<cobie:AssetTypeName>AC Unit Type 1</cobie:AssetTypeName>
				</cobie:AssetTypeAssignment>
				<cobie:AssetSpaceAssignments>
					<cobie:SpaceAssignment>
						<cobie:FloorName>First Floor</cobie:FloorName>
						<cobie:SpaceName>1B21</cobie:SpaceName>
					</cobie:SpaceAssignment>
				</cobie:AssetSpaceAssignments>
			</ProductInstallationKey>
		</CreateAssetDocumentRequest>
	</ProductInstallationCreateRequest>
</ProductInstallationReport_210_Request>
